SCHOOL NAME,COUNTY,ENROLLED,IMMUNE_MMR
A J MITCHELL ELEMENTARY SCHOOL,SANTA CRUZ,42,0.976
ABIA JUDD ELEMENTARY SCHOOL,YAVAPAI,83,0.735
ABRAHAM LINCOLN TRADITIONAL SCHOOL,MARICOPA,69,0.942
ACACIA ELEMENTARY SCHOOL - PHOENIX,MARICOPA,105,0.914
ACACIA ELEMENTARY SCHOOL - VAIL,PIMA,123,0.959
ACADEMY OF MATH AND SCIENCE - DESERT SKY,MARICOPA,122,0.992
ACADEMY OF MATH AND SCIENCE - PRINCE RD,PIMA,51,0.922
ACADEMY OF MATH AND SCIENCE AVONDALE,MARICOPA,123,0.911
ACADEMY OF MATH AND SCIENCE CAMELBACK,MARICOPA,173,0.902
ACADEMY OF MATH AND SCIENCE GLENDALE,MARICOPA,148,0.845
ACADEMY OF MATH AND SCIENCE PEORIA ADVANCED,MARICOPA,152,0.901
ACADEMY OF MATH AND SCIENCE SOUTH MOUNTAIN,MARICOPA,118,0.932
ACADEMY OF MATHEMATICS AND SCIENCE SOUTH,MARICOPA,81,0.938
ACCLAIM ACADEMY,MARICOPA,27,1.0
ACORN MONTESSORI CHARTER SCHOOL - WEST,YAVAPAI,74,0.73
ADAMS ELEMENTARY SCHOOL,MARICOPA,95,0.968
ADAMS TRADITIONAL ACADEMY,MARICOPA,95,0.884
ADVENTURE SCHOOL - E PLACITA SIN NOMBRE,PIMA,23,1.0
AGUA CALIENTE SCHOOL,PIMA,51,0.961
AGUILAR SCHOOL,MARICOPA,52,0.904
AJO ELEMENTARY SCHOOL,PIMA,23,0.913
AKIMEL O''OTHAM PEE POSH,PINAL,49,1.0
ALHAMBRA TRADITIONAL SCHOOL,MARICOPA,69,0.957
ALICE BYRNE ELEMENTARY SCHOOL,YUMA,39,0.923
ALL SAINTS EPISCOPAL DAY SCHOOL,MARICOPA,50,0.86
ALTA E BUTLER SCHOOL,MARICOPA,88,0.955
ALTA LOMA SCHOOL,MARICOPA,58,0.948
ALTA VISTA ELEMENTARY SCHOOL,MARICOPA,80,0.975
AMBERLEA ELEMENTARY SCHOOL,MARICOPA,35,0.943
AMERICAN LEADERSHIP ACADEMY - GILBERT,MARICOPA,76,0.789
AMERICAN LEADERSHIP ACADEMY - IRONWOOD K-6,PINAL,63,0.921
AMERICAN LEADERSHIP ACADEMY - MESA,MARICOPA,63,0.746
AMERICAN LEADERSHIP ACADEMY - MESA NORTH K-12,MARICOPA,82,0.732
AMERICAN LEADERSHIP ACADEMY - QUEEN CREEK,MARICOPA,81,0.728
AMERICAN LEADERSHIP ACADEMY - SAN TAN,MARICOPA,84,0.714
AMERICAN LEADERSHIP ACADEMY - SIERRA VISTA K-12,COCHISE,52,0.846
AMERICAN LEADERSHIP ACADEMY ANTHEM SOUTH CAMPUS,PINAL,79,0.886
AMERICAN LEADERSHIP ACADEMY WEST FOOTHILLS EL,MARICOPA,101,0.733
AMERICAN LEADERSHIP ACADEMY- GILBERT NORTH K-6 CAMPUS,MARICOPA,97,0.753
AMERICAN LEADERSHIP ACADEMY- GILBERT SOUTH K-6 CAMPUS,MARICOPA,75,0.667
AMERICAN LEADERSHIP ACADEMY- SIGNAL BUTTE K-6 CAMPUS,MARICOPA,79,0.684
AMERISCHOOLS ACADEMY - YUMA NORTH CAMPUS,YUMA,40,0.95
ANASAZI ELEMENTARY,MARICOPA,56,0.893
ANNA HENRY ELEMENTARY SCHOOL,PIMA,42,0.952
ANNA MARIE JACOBSON ELEMENTARY SCHOOL,MARICOPA,76,0.882
ANNIE KELLOND ELEMENTARY SCHOOL,PIMA,50,1.0
ANTHEM K-8 SCHOOL,PINAL,60,0.933
ANZA TRAIL ELEMENTARY,PIMA,85,0.953
APACHE ELEMENTARY SCHOOL,MARICOPA,67,0.806
ARCHWAY CLASSICAL ACADEMY - CHANDLER,MARICOPA,89,0.831
ARCHWAY CLASSICAL ACADEMY - SCOTTSDALE,MARICOPA,187,0.861
ARCHWAY CLASSICAL ACADEMY GLENDALE,MARICOPA,91,0.78
ARIZONA AUTISM CHARTER SCHOOL,MARICOPA,56,0.857
ARIZONA CHARTER ACADEMY,MARICOPA,126,0.873
ARIZONA CITY ELEMENTARY SCHOOL,PINAL,82,0.878
ARIZONA CONNECTIONS ACADEMY,MARICOPA,67,0.716
ARIZONA CULTURAL ACADEMY,MARICOPA,25,0.84
ARIZONA DESERT ELEMENTARY SCHOOL - SAN LUIS,YUMA,64,0.984
ARIZONA DESERT ELEMENTARY SCHOOL - TOLLESON,MARICOPA,102,0.931
ARLINGTON ELEMENTARY SCHOOL,MARICOPA,26,0.731
ARREDONDO ELEMENTARY SCHOOL,MARICOPA,65,0.938
ARROWHEAD CHRISTIAN ACADEMY,MARICOPA,23,0.652
ARROWHEAD ELEMENTARY SCHOOL-85308,MARICOPA,68,0.971
ARROYO SCHOOL,MARICOPA,34,0.912
ARTS ACADEMY AT ESTRELLA MOUNTAIN,MARICOPA,67,0.97
ASANTE PREPARATORY ACADEMY,MARICOPA,122,0.926
ASHLAND ELEMENTARY,MARICOPA,74,0.892
ASU PREP DIGITAL,MARICOPA,90,0.833
ASU PREP PILGRIM'S REST,MARICOPA,22,0.773
ASU PREPARATORY ACADEMY - PHOENIX MIDDLE SCHOOL,MARICOPA,76,0.868
ASU PREPARATORY ACADEMY - POLYTECHNIC ELEMENTARY SCHOOL,MARICOPA,86,0.919
ASU PREPARATORY ACADEMY - SOUTH PHOENIX PRIMARY,MARICOPA,23,0.913
AUDREY & ROBERT RYAN ELEMENTARY,MARICOPA,47,0.957
AUGUSTA RANCH ELEMENTARY,MARICOPA,90,0.889
AUGUSTUS H SHAW JR SCHOOL,MARICOPA,46,0.957
AVALON ELEMENTARY,PINAL,40,0.925
LATTIE COOR SCHOOL,MARICOPA,114,0.921
AWAKENING SEED SCHOOL,MARICOPA,20,1.0
AZ COMPASS PREPARATORY SCHOOL,MARICOPA,20,0.8
BAGDAD ELEMENTARY SCHOOL,YAVAPAI,36,0.861
BALES ELEMENTARY SCHOOL,MARICOPA,65,0.938
BARBARA B ROBEY ELEMENTARY - 85340,MARICOPA,106,0.915
BARBARA BUSH ELEMENTARY SCHOOL - 85205,MARICOPA,66,0.97
BARCELONA ELEMENTARY SCHOOL,MARICOPA,96,0.969
BASHA ELEMENTARY,MARICOPA,72,0.903
BASIS - FLAGSTAFF,COCONINO,55,0.909
BASIS - MESA,MARICOPA,68,0.926
BASIS - ORO VALLEY PRIMARY,PIMA,80,0.988
BASIS - PEORIA PRIMARY,MARICOPA,134,0.955
BASIS - PHOENIX PRIMARY,MARICOPA,108,0.907
BASIS - SCOTTSDALE PRIMARY WEST CAMPUS,MARICOPA,92,0.946
BASIS - TUCSON MIDDLE SCHOOL,PIMA,149,0.973
BASIS CHANDLER PRIMARY NORTH CAMPUS,MARICOPA,107,0.907
BASIS CHANDLER PRIMARY SOUTH CAMPUS,MARICOPA,95,0.979
BASIS GOODYEAR,MARICOPA,93,0.849
BASIS PHOENIX CENTRAL PRIMARY,MARICOPA,30,0.933
BASIS PHOENIX NORTH,MARICOPA,42,0.881
BASIS PHOENIX SOUTH PRIMARY SCHOOL,MARICOPA,55,0.836
BASIS PRESCOTT,YAVAPAI,64,0.828
BASIS SCOTTSDALE PRIMARY,MARICOPA,67,0.955
BAYER PRIVATE SCHOOL,MARICOPA,38,0.921
BEAVER CREEK SCHOOL,YAVAPAI,42,0.786
BELEN SOTO ELEMENTARY SCHOOL,MARICOPA,94,0.904
BELLA VISTA ELEMENTARY SCHOOL,COCHISE,27,1.0
BELLAIR ELEMENTARY SCHOOL,MARICOPA,25,0.84
BENCHMARK SCHOOL,MARICOPA,30,0.667
BENJAMIN FRANKLIN CHARTER SCHOOL - CRIMSON,MARICOPA,126,0.754
BENJAMIN FRANKLIN CHARTER SCHOOL - GILBERT,MARICOPA,99,0.758
BENJAMIN FRANKLIN CHARTER SCHOOL - POWER RD,MARICOPA,90,0.733
BENSON PRIMARY SCHOOL,COCHISE,71,0.761
BERNARD BLACK ELEMENTARY,MARICOPA,59,0.847
BICENTENNIAL SOUTH SCHOOL,MARICOPA,71,0.789
BILTMORE PREPARATORY ACADEMY,MARICOPA,84,0.929
BLACK MOUNTAIN ELEMENTARY SCHOOL - CAVE CREEK,MARICOPA,62,0.806
BLACK MOUNTAIN ELEMENTARY SCHOOL - GOLDEN VALLEY,MOHAVE,41,0.659
BLAKE PRIMARY SCHOOL,LA PAZ,106,0.887
BLENMAN ELEMENTARY SCHOOL,PIMA,42,1.0
BLOOM ELEMENTARY SCHOOL,PIMA,53,0.962
BLUE RIDGE ELEMENTARY SCHOOL,NAVAJO,110,0.836
BONILLAS ELEMENTARY BASIC CURRICULUM MAGN,PIMA,57,0.947
BORMAN ELEMENTARY SCHOOL,PIMA,64,0.969
BORTON PRIMARY MAGNET SCHOOL,PIMA,50,0.94
BOULDER CREEK ELEMENTARY - 85024,MARICOPA,92,0.967
BOULDER CREEK ELEMENTARY - 85212,MARICOPA,50,0.94
BRAVIE T SOTO ELEMENTARY,YUMA,22,1.0
BRET TARVER ELEMENTARY,MARICOPA,80,0.938
BRIDGES ELEMENTARY SCHOOL,MARICOPA,106,0.896
BROADMOR ELEMENTARY SCHOOL,MARICOPA,91,0.945
BRUNSON-LEE ELEMENTARY SCHOOL,MARICOPA,54,0.926
BUCKEYE PRIMARY SCHOOL,MARICOPA,93,0.892
BURK ELEMENTARY SCHOOL,MARICOPA,45,0.911
BURKE BASIC SCHOOL,MARICOPA,104,0.933
BUTTERFIELD ELEMENTARY SCHOOL - MARICOPA,PINAL,138,0.87
BUTTERFIELD ELEMENTARY SCHOOL - TUCSON,PIMA,54,0.944
C E ROSE ELEMENTARY SCHOOL,PIMA,66,0.97
C I WAGGONER SCHOOL,MARICOPA,60,0.95
C J JORGENSEN SCHOOL,MARICOPA,24,1.0
C W MCGRAW ELEMENTARY SCHOOL,YUMA,76,0.855
CACTUS VIEW ELEMENTARY SCHOOL,MARICOPA,68,0.926
CACTUS WREN ELEMENTARY SCHOOL,MARICOPA,48,0.958
CALABASAS SCHOOL,SANTA CRUZ,69,1.0
CALIBRE ACADEMY SURPRISE,MARICOPA,71,0.62
CALVARY CHAPEL CHRISTIAN SCHOOL,PIMA,20,0.8
CALVARY CHRISTIAN ACADEMY,MOHAVE,35,0.543
CAMBRIDGE ACADEMY - MESA CAMPUS,MARICOPA,49,0.776
CAMELBACK ACADEMY,MARICOPA,54,1.0
CAMP VERDE ELEMENTARY SCHOOL,YAVAPAI,99,0.707
CAMPO BELLO ELEMENTARY SCHOOL,MARICOPA,61,0.902
CANDEO SCHOOLS,MARICOPA,80,0.55
CANYON BREEZE ELEMENTARY,MARICOPA,63,0.921
CANYON DE CHELLY ELEMENTARY SCHOOL,APACHE,33,1.0
CANYON ELEMENTARY SCHOOL,MARICOPA,29,0.966
CANYON RIDGE ELEMENTARY,MARICOPA,91,0.835
CANYON RIM ELEMENTARY,MARICOPA,131,0.924
CANYON SPRINGS,MARICOPA,59,0.797
CANYON VIEW ELEMENTARY SCHOOL,PIMA,47,1.0
CAPITOL ELEMENTARY SCHOOL,MARICOPA,34,0.912
CAPPS MIDDLE SCHOOL (GR 4-6),NAVAJO,41,0.439
CARMICHAEL ELEMENTARY SCHOOL,COCHISE,48,0.917
CARMINATI SCHOOL,MARICOPA,48,0.979
CAROL G. PECK ELEMENTARY SCHOOL,MARICOPA,71,0.873
CAROL RAE RANCH ELEMENTARY,MARICOPA,69,0.855
CARRILLO INTERMEDIATE MAGNET SCHOOL,PIMA,41,0.976
CARTWRIGHT ELEMENTARY SCHOOL,MARICOPA,69,0.87
CASA ACADEMY,MARICOPA,57,0.947
CASA BLANCA COMMUNITY SCHOOL,PINAL,39,0.949
CASAS CHRISTIAN SCHOOL,PIMA,30,0.733
CATALINA VENTURA SCHOOL,MARICOPA,80,0.975
CAVETT ELEMENTARY SCHOOL,PIMA,29,0.966
CENTENNIAL ELEMENTARY SCHOOL - GILBERT,MARICOPA,64,0.922
CENTENNIAL ELEMENTARY SCHOOL - TUCSON,PIMA,56,0.946
CENTER FOR ACADEMIC SUCCESS #1 - CARMELITA DR,COCHISE,20,0.95
CENTER FOR ACADEMIC SUCCESS #3 - 3RD ST,COCHISE,29,0.931
CENTER FOR ACADEMIC SUCCESS #5,COCHISE,20,0.95
CENTER FOR EDUCATIONAL EXCELLENCE,MARICOPA,33,0.788
CENTER FOR ONLINE AND INNOVATIVE LEARNING (COIL),PINAL,35,1.0
CENTERRA MIRAGE ELEMENTARY,MARICOPA,52,0.923
CERBAT ELEMENTARY SCHOOL,MOHAVE,108,0.917
CESAR CHAVEZ ELEMENTARY,YUMA,98,0.99
CESAR E CHAVEZ COMMUNITY SCHOOL,MARICOPA,38,0.974
CHALLENGE CHARTER SCHOOL,MARICOPA,53,0.849
CHALLENGER BASIC SCHOOL,MARICOPA,40,0.575
CHALLENGER ELEMENTARY SCHOOL,SANTA CRUZ,46,0.978
CHAMPION CHANDLER,MARICOPA,48,0.833
CHAMPION SCHOOLS - SOUTH MOUNTAIN,MARICOPA,59,0.847
CHANDLER TRADITIONAL ACADEMY - FREEDOM,MARICOPA,85,0.894
CHANDLER TRADITIONAL ACADEMY - GOODMAN CAMPUS,MARICOPA,74,1.0
CHANDLER TRADITIONAL ACADEMY - INDEPENDENCE,MARICOPA,116,0.966
CHANDLER TRADITIONAL ACADEMY - LIBERTY CAMPUS,MARICOPA,95,0.958
CHAPARRAL ELEMENTARY SCHOOL-85029,MARICOPA,56,1.0
CHAPARRAL ELEMENTARY SCHOOL-85295,MARICOPA,75,0.893
CHARLES W HARRIS ELEMENTARY SCHOOL,MARICOPA,77,0.987
CHARLES W SECHRIST ELEMENTARY SCHOOL,COCONINO,44,0.886
CHARLOTTE PATTERSON ELEMENTARY,MARICOPA,76,0.895
CHEATHAM ELEMENTARY SCHOOL,MARICOPA,69,0.855
CHEROKEE ELEMENTARY SCHOOL,MARICOPA,100,0.91
CHEYENNE ELEMENTARY SCHOOL - PEORIA,MARICOPA,50,0.9
CHEYENNE TRADITIONAL ELEMENTARY SCHOOL - SCOTTSDALE,MARICOPA,103,0.951
CHINLE ELEMENTARY SCHOOL,APACHE,63,0.984
CHOLLA ELEMENTARY SCHOOL,PINAL,68,0.971
CHRIST LUTHERAN SCHOOL,MARICOPA,62,0.839
CHRIST THE KING CATHOLIC SCHOOL,MARICOPA,25,0.88
CHRIST'S GREENFIELD LUTHERAN SCHOOL,MARICOPA,53,0.717
CIRCLE CROSS K-8 STEM ACADEMY,PINAL,50,0.64
CLAWSON SCHOOL,COCHISE,56,0.982
CLOVES C CAMPBELL SR ELEMENTARY SCHOOL,MARICOPA,32,0.938
COCHISE ELEMENTARY SCHOOL - SCOTTSDALE,MARICOPA,93,0.903
COLLIER ELEMENTARY SCHOOL - AVONDALE,MARICOPA,70,0.986
COLONEL JOHNSTON ELEMENTARY SCHOOL,COCHISE,78,0.962
COMBS TRADITIONAL SCHOOL,PINAL,25,0.92
CONSTITUTION ELEMENTARY SCHOOL,MARICOPA,74,0.959
CONTINENTAL ELEMENTARY SCHOOL,PIMA,47,1.0
COPPER BASIN K-8,PINAL,42,0.976
COPPER CANYON ELEMENTARY SCHOOL,MARICOPA,67,0.91
COPPER CREEK ELEMENTARY,MARICOPA,62,0.968
COPPER CREEK ELEMENTARY SCHOOL,PIMA,35,0.971
COPPER KING ELEMENTARY,MARICOPA,66,0.924
COPPER RIDGE ELEMENTARY SCHOOL - 85641,PIMA,53,0.943
COPPER RIDGE SCHOOL - 85255,MARICOPA,41,0.78
COPPER RIM ELEMENTARY SCHOOL,GILA,91,0.923
COPPER TRAILS ELEMENTARY,MARICOPA,91,0.945
COPPER VIEW ELEMENTARY SCHOOL,PIMA,67,0.955
COPPERWOOD SCHOOL,MARICOPA,64,0.969
CORDOVA ELEMENTARY SCHOOL,MARICOPA,68,1.0
CORONADO ELEMENTARY SCHOOL - APACHE,APACHE,59,0.339
CORONADO ELEMENTARY SCHOOL - COCHISE,COCHISE,38,0.842
CORONADO ELEMENTARY SCHOOL - GILBERT,MARICOPA,68,0.868
CORONADO K-8 SCHOOL,PIMA,37,0.919
CORTE SIERRA ELEMENTARY SCHOOL,MARICOPA,75,0.813
CORTINA ELEMENTARY,MARICOPA,53,0.849
COTTON BOLL SCHOOL,MARICOPA,56,0.911
COTTONWOOD COMMUNITY SCHOOL,YAVAPAI,41,0.829
COTTONWOOD ELEMENTARY - 86021,MOHAVE,39,0.077
COTTONWOOD ELEMENTARY SCHOOL - 85222,PINAL,93,0.882
COTTONWOOD ELEMENTARY SCHOOL - 85641,PIMA,112,0.911
COUNTRY GARDENS CHARTER SCHOOL,MARICOPA,20,0.9
COUNTRY MEADOWS ELEMENTARY SCHOOL,MARICOPA,82,0.78
COUNTRY PLACE ELEMENTARY,MARICOPA,79,0.886
COUNTRYSIDE ELEMENTARY,MARICOPA,90,0.911
COYOTE HILLS ELEMENTARY SCHOOL,MARICOPA,58,0.897
COYOTE SPRINGS ELEMENTARY SCHOOL,YAVAPAI,54,0.796
COYOTE TRAIL ELEMENTARY SCHOOL,PIMA,66,0.939
CRADLEBOARD SCHOOL,NAVAJO,42,0.929
CRAGIN ELEMENTARY SCHOOL,PIMA,31,0.903
CRAYCROFT ELEMENTARY SCHOOL,PIMA,82,1.0
CREATIVE CASTLE PRESCHOOL & PLAYTIME,MARICOPA,34,0.647
CREO SCHOOL,MARICOPA,31,0.613
CRISMON ELEMENTARY SCHOOL,MARICOPA,59,0.966
CROWN CHARTER SCHOOL,MARICOPA,87,0.966
CURIEL SCHOOL,PINAL,77,0.935
CURRY ELEMENTARY SCHOOL,MARICOPA,51,0.941
DAVID CROCKETT SCHOOL,MARICOPA,62,0.887
DAVIDSON ELEMENTARY SCHOOL,PIMA,35,0.943
DAVIS BILINGUAL MAGNET SCHOOL,PIMA,44,0.886
DAYSPRING PRESCHOOL,MARICOPA,21,0.905
DEGRAZIA ELEMENTARY SCHOOL,PIMA,49,0.755
DENNEHOTSO BOARDING SCHOOL,APACHE,20,1.0
DESERT CANYON ELEMENTARY,MARICOPA,80,0.862
DESERT CHRISTIAN K-8 SCHOOL - E WRIGHTSTOWN RD,PIMA,23,0.696
DESERT COVE ELEMENTARY SCHOOL,MARICOPA,55,0.927
DESERT HARBOR ELEMENTARY SCHOOL,MARICOPA,72,0.889
DESERT HEIGHTS ELEMENTARY CHARTER SCHOOL,MARICOPA,53,0.792
DESERT HORIZON ELEMENTARY SCHOOL,MARICOPA,61,0.918
DESERT MARIGOLD SCHOOL,MARICOPA,36,0.472
DESERT MEADOWS ELEMENTARY SCHOOL,MARICOPA,99,0.899
DESERT MESA ELEMENTARY SCHOOL,YUMA,112,0.946
DESERT MIRAGE ELEMENTARY SCHOOL,MARICOPA,62,0.919
DESERT MOUNTAIN ELEMENTARY - 85142,MARICOPA,87,0.839
DESERT MOUNTAIN SCHOOL - 85086,MARICOPA,36,0.944
DESERT OASIS ELEMENTARY SCHOOL-85037,MARICOPA,89,0.876
DESERT OASIS ELEMENTARY SCHOOL-85387,MARICOPA,97,0.897
DESERT PALMS ELEMENTARY SCHOOL,MARICOPA,32,0.906
DESERT SAGE ELEMENTARY SCHOOL,MARICOPA,67,0.881
DESERT SHADOWS ELEMENTARY SCHOOL,MARICOPA,66,0.894
DESERT SONORA ELEMENTARY SCHOOL,YUMA,50,0.98
DESERT STAR ACADEMY,MOHAVE,69,0.667
DESERT STAR SCHOOL,MARICOPA,68,0.912
DESERT SUN CHILD DEVELOPMENT CENTER,MARICOPA,21,0.429
DESERT SUN ELEMENTARY SCHOOL,MARICOPA,20,0.75
DESERT SUNSET ELEMENTARY SCHOOL,MARICOPA,97,0.928
DESERT THUNDER SCHOOL,MARICOPA,88,0.886
DESERT TRAILS ELEMENTARY SCHOOL,MARICOPA,60,0.883
DESERT VALLEY ELEMENTARY - 86442,MOHAVE,96,0.948
DESERT VALLEY ELEMENTARY SCHOOL - 85304,MARICOPA,44,0.909
DESERT VIEW ACADEMY,YUMA,139,0.95
DESERT VIEW ELEMENTARY - SAN LUIS,YUMA,89,1.0
DESERT VIEW ELEMENTARY SCHOOL - PHOENIX,MARICOPA,39,0.949
DESERT VISTA ELEMENTARY SCHOOL,PINAL,48,0.958
DESERT WILLOW ELEMENTARY SCHOOL - CASA GRANDE,PINAL,79,0.937
DESERT WILLOW ELEMENTARY SCHOOL - CAVE CREEK,MARICOPA,36,0.722
DESERT WILLOW ELEMENTARY SCHOOL - KINGMAN,MOHAVE,60,0.817
DESERT WILLOW ELEMENTARY SCHOOL - TUCSON,PIMA,126,0.865
DESTINY SCHOOL,GILA,50,0.94
DIAMOND CANYON ELEMENTARY,MARICOPA,43,0.907
DIAMONDBACK ELEMENTARY SCHOOL,MOHAVE,50,0.8
DIETZ K-8 SCHOOL,PIMA,43,0.884
DILWORTH BRINTON ELEMENTARY,MARICOPA,48,0.896
DISCOVERY PLUS ACADEMY,GRAHAM,20,0.7
DOBSON ACADEMY A-BALL CHARTER SCHOOL,MARICOPA,37,0.73
DON MENSENDICK SCHOOL,MARICOPA,56,0.893
DOROTHY HALL ELEMENTARY,YUMA,88,0.807
DOROTHY STINSON SCHOOL,GRAHAM,66,0.848
DOS RIOS ELEMENTARY,MARICOPA,55,0.945
DOVE MOUNTAIN K-8,PIMA,91,0.967
DR DANIEL BRIGHT ELEMENTARY SCHOOL,YAVAPAI,50,0.78
DR HOWARD K CONLEY ELEMENTARY SCHOOL,MARICOPA,93,0.892
DR. CHARLES A. BEJARANO ELEMENTARY SCHOOL,GILA,59,0.712
DR. GARY AND ANNETTE AUXIER ELEMENTARY SCHOOL,MARICOPA,45,0.822
DRACHMAN PRIMARY MAGNET SCHOOL,PIMA,39,0.974
DREAM CITY CHRISTIAN SCHOOLS,MARICOPA,59,0.695
DREAMING SUMMIT ELEMENTARY,MARICOPA,94,0.872
DREXEL ELEMENTARY SCHOOL,PIMA,52,0.942
DUNCAN ELEMENTARY SCHOOL,GREENLEE,26,0.808
DUNHAM ELEMENTARY SCHOOL,PIMA,28,0.964
DWIGHT PATTERSON ELEMENTARY,MARICOPA,87,0.897
E C NASH SCHOOL,PIMA,42,0.976
EAGLE COLLEGE PREP - MARYVALE,MARICOPA,24,1.0
EAGLE COLLEGE PREP - MESA,MARICOPA,20,1.0
EAGLE COLLEGE PREP - S MOUNTAIN,MARICOPA,36,0.889
EAGLE RIDGE ELEMENTARY SCHOOL - PHONEIX,MARICOPA,59,0.881
EAGLERIDGE ENRICHMENT PROGRAM - MESA,MARICOPA,43,0.488
ECHO CANYON K-8 - SCOTTSDALE,MARICOPA,25,0.76
ECHO MOUNTAIN PRIMARY SCHOOL,MARICOPA,103,0.883
ED & VERMA PASTOR ELEMENTARY SCHOOL,MARICOPA,47,0.979
ED PASTOR ELEMENTARY 4,YUMA,82,1.0
EDISON ELEMENTARY SCHOOL,MARICOPA,70,0.986
EDISON SCHOOL OF INNOVATION,MARICOPA,37,0.865
EDUPRIZE SCHOOL - GILBERT,MARICOPA,103,0.738
EDUPRIZE SCHOOL - QUEEN CREEK,PINAL,209,0.818
EISENHOWER ELEMENTARY SCHOOL,MARICOPA,67,0.896
EL MIRAGE ELEMENTARY SCHOOL,MARICOPA,121,0.992
ELLSWORTH ELEMENTARY,PINAL,57,0.912
ELVIRA ELEMENTARY SCHOOL,PIMA,94,0.989
EMERSON ELEMENTARY SCHOOL,MARICOPA,86,0.919
EMMANUEL CHRISTIAN ACADEMY,MOHAVE,41,0.463
EMPOWER COLLEGE PREP,MARICOPA,65,0.692
ENCANTO ELEMENTARY SCHOOL,MARICOPA,144,0.91
ENTZ ELEMENTARY SCHOOL,MARICOPA,70,0.843
ESMOND STATION SCHOOL,PIMA,67,0.94
ESPERANZA ELEMENTARY SCHOOL - 85706,PIMA,62,1.0
ESPERANZA ELEMENTARY SCHOOL-85009,MARICOPA,59,0.983
ESPERANZA ELEMENTARY SCHOOL-85027,MARICOPA,59,0.915
ESTRELLA FOOTHILLS GLOBAL ACADEMY,MARICOPA,96,0.906
ESTRELLA MOUNTAIN ELEMENTARY SCHOOL,MARICOPA,39,0.897
ESTRELLA VISTA ELEMENTARY,MARICOPA,79,0.937
EVA MARSHALL ELEMENTARY SCHOOL,COCONINO,54,0.815
EXCELENCIA SCHOOL,MARICOPA,51,0.941
FAITH COMMUNITY ACADEMY - 85741,PIMA,21,0.476
FAITH MATHER SOSSAMAN ELEMENTARY,MARICOPA,143,0.825
FALCON HILL ELEMENTARY SCHOOL,MARICOPA,76,0.895
FARAS ELEMENTARY SCHOOL,COCHISE,20,1.0
FESTIVAL FOOTHILLS ELEMENTARY SCHOOL-85396,MARICOPA,30,0.867
FIELD ELEMENTARY SCHOOL,MARICOPA,66,0.955
FINLEY FARMS ELEMENTARY,MARICOPA,60,0.883
FIRESIDE ELEMENTARY SCHOOL,MARICOPA,100,0.95
FIRST BAPTIST CHRISTIAN ACADEMY,COCHISE,23,0.87
FLAGSTAFF CHRISTIAN SCHOOL,COCONINO,36,0.528
FLAGSTAFF JUNIOR ACADEMY ELEMENTARY CAMPUS,COCONINO,32,0.906
FLORA THEW ELEMENTARY SCHOOL,MARICOPA,85,0.918
FLORENCE K-8,PINAL,79,0.848
FOOTHILLS ELEMENTARY SCHOOL-85306,MARICOPA,48,0.854
FORD ELEMENTARY SCHOOL,PIMA,20,0.95
FORT MOHAVE ELEMENTARY SCHOOL,MOHAVE,137,0.912
FORT THOMAS ELEMENTARY SCHOOL,GRAHAM,25,0.88
FOUR PEAKS ELEMENTARY SCHOOL - N IDAHO RD,PINAL,67,0.896
FOWLER ELEMENTARY SCHOOL,MARICOPA,56,0.982
FRANCES BRANDEN-PICKETT ELEMENTARY,MARICOPA,100,0.84
FRANCES J WARREN ELEMENTARY SCHOOL,PIMA,31,1.0
FRANCES OWEN HOLAWAY ELEMENTARY SCHOOL,PIMA,35,0.943
FRANK BORMAN MIDDLE SCHOOL,MARICOPA,80,0.95
FRANK ELEMENTARY SCHOOL,MARICOPA,74,0.946
FRANKLIN ACCELERATED ACADEMY - DOWNTOWN CAMPUS,MARICOPA,52,0.942
FRANKLIN ACCELERATED ACADEMY - JORDAN CAMPUS,MARICOPA,34,0.882
FRANKLIN AT BRIMHALL ELEMENTARY SCHOOL,MARICOPA,116,0.845
FRANKLIN ELEMENTARY SCHOOL,MARICOPA,68,0.956
FRANKLIN PHONETIC PRIMARY SCHOOL,YAVAPAI,47,0.809
FREEDOM ACADEMY - E PARADISE LN,MARICOPA,23,0.957
FREEDOM CHRISTIAN ACADEMY,YUMA,25,0.72
FREEDOM ELEMENTARY SCHOOL - 85326,MARICOPA,59,0.915
FREEDOM TRADITIONAL ACADEMY - 85374,MARICOPA,71,0.859
FRONTIER ELEMENTARY SCHOOL,MARICOPA,63,0.873
FRUCHTHENDLER ELEMENTARY SCHOOL,PIMA,48,0.917
FRYE ELEMENTARY SCHOOL,MARICOPA,69,0.913
FULLER ELEMENTARY SCHOOL,MARICOPA,69,0.942
G FRANK DAVIDSON,MARICOPA,67,0.925
GADSDEN ELEMENTARY SCHOOL,YUMA,46,1.0
GALE ELEMENTARY SCHOOL,PIMA,50,0.96
GALLEGO BASIC ELEMENTARY SCHOOL,PIMA,116,0.983
GALVESTON ELEMENTARY SCHOOL,MARICOPA,82,0.976
GANADO PRIMARY SCHOOL,APACHE,62,1.0
GARDEN LAKES ELEMENTARY SCHOOL,MARICOPA,89,0.899
GARFIELD SCHOOL,MARICOPA,38,0.947
GARY A KNOX ELEMENTARY,YUMA,58,0.983
GATEWAY POINTE ELEMENTARY,MARICOPA,74,0.865
GATEWAY POLYTECHNIC ACADEMY,MARICOPA,118,0.873
GATEWAY SCHOOL,MARICOPA,62,0.855
GAVILAN PEAK ELEMENTARY,MARICOPA,21,0.81
GEORGE WASHINGTON CARVER ELEMENTARY SCHOOL,YUMA,35,0.914
GILA BEND ELEMENTARY SCHOOL,MARICOPA,38,0.868
GILA CROSSING COMMUNITY SCHOOL,MARICOPA,29,1.0
GILBERT CHRISTIAN ELEMENTARY & MIDDLE SCHOOL,MARICOPA,56,0.643
GILBERT CHRISTIAN SCHOOLS - GREENFIELD,MARICOPA,68,0.529
GILBERT CHRISTIAN SCHOOLS - VAL VISTA,MARICOPA,66,0.667
GILBERT ELEMENTARY SCHOOL,MARICOPA,95,0.874
GLADDEN FARMS ELEMENTARY SCHOOL,PIMA,98,0.929
GLEN CANYON OUTDOOR ACADEMY,COCONINO,21,0.952
GLENN F BURTON SCHOOL,MARICOPA,48,0.917
GLENN L DOWNS SCHOOL,MARICOPA,60,0.983
GLOBAL ACADEMY OF PHOENIX,MARICOPA,36,1.0
GOWAN SCIENCE ACADEMY,YUMA,92,0.957
GRACE CHRISTIAN ACADEMY,MARICOPA,39,0.769
GRANADA PRIMARY SCHOOL,MARICOPA,163,0.982
GRANVILLE ELEMENTARY,YAVAPAI,62,0.855
GRAYHAWK ELEMENTARY SCHOOL,MARICOPA,47,0.915
GREAT EXPECTATIONS ACADEMY,PIMA,20,0.95
GREAT HEART ACADEMIES ARCHWAY CICERO,MARICOPA,59,0.712
GREAT HEART ACADEMIES ARCHWAY LINCOLN,MARICOPA,120,0.817
GREAT HEARTS ACADEMIES - ARCHWAY ARETE GILBERT,MARICOPA,87,0.862
GREAT HEARTS ACADEMIES - ARCHWAY CLASSICAL ACADEMY TRIVIUM WEST,MARICOPA,140,0.914
GREAT HEARTS ACADEMIES - ARCHWAY NORTH PHOENIX,MARICOPA,115,0.774
GREAT HEARTS ACADEMIES - ARCHWAY VERITAS,MARICOPA,194,0.964
GREAT HEARTS ANTHEM,MARICOPA,78,0.679
GREAT HEARTS CHRISTOS - EVIDENT LIFE,MARICOPA,25,0.44
GREAT HEARTS ROOSEVELT,MARICOPA,132,0.879
GREENBRIER ELEMENTARY SCHOOL,MARICOPA,51,0.922
GREENFIELD ELEMENTARY SCHOOL,MARICOPA,99,0.838
GRIFFITH ELEMENTARY SCHOOL,MARICOPA,52,0.885
HALEY ELEMENTARY,MARICOPA,84,0.869
HAPPY VALLEY SCHOOL - EAST CAMPUS,PINAL,52,0.885
HAPPY VALLEY SCHOOL - PEORIA,MARICOPA,76,0.645
HAROLD STEELE ELEMENTARY SCHOOL,PIMA,34,0.941
HAROLD W SMITH SCHOOL,MARICOPA,76,0.934
HARRIET JOHNSON PRIMARY SCHOOL,PIMA,58,0.983
HARRIS ELEMENTARY SCHOOL,MARICOPA,44,0.977
HARTFORD SYLVIA ENCINAS ELEMENTARY SCHOOL,MARICOPA,83,0.904
HARVEST PREPARATORY ACADEMY - SAN LUIS,YUMA,47,1.0
HARVEST PREPARATORY ACADEMY - YUMA,YUMA,74,0.973
HASSAYAMPA ELEMENTARY SCHOOL,MARICOPA,32,1.0
HAVASUPAI ELEMENTARY SCHOOL,MOHAVE,36,0.889
HEARN ACADEMY,MARICOPA,70,0.871
HEARTLAND RANCH ELEMENTARY SCHOOL,PINAL,70,0.943
HEATHERBRAE ELEMENTARY SCHOOL,MARICOPA,73,0.986
HELEN KEELING ELEMENTARY SCHOOL,PIMA,37,0.946
HENRY HANK OYAMA,PIMA,42,0.929
HERITAGE ACADEMY - GATEWAY CAMPUS,MARICOPA,102,0.686
HERITAGE ELEMENTARY SCHOOL - WEST CAMPUS,MARICOPA,93,0.925
HERITAGE SCHOOL,MARICOPA,45,0.889
HERMOSA MONTESSORI SCHOOL,PIMA,36,0.861
HERMOSA VISTA ELEMENTARY SCHOOL,MARICOPA,86,0.907
HERRERA ELEMENTARY SCHOOL,MARICOPA,40,0.95
HIDDEN HILLS ELEMENTARY SCHOOL,MARICOPA,23,0.913
HIGHLAND ELEMENTARY SCHOOL,MARICOPA,76,0.829
HIGHLAND LAKES SCHOOL,MARICOPA,79,0.911
HIGHLAND PARK ELEMENTARY,MARICOPA,117,0.889
HIGHLAND PRIMARY SCHOOL,NAVAJO,109,0.789
HIGLEY TRADITIONAL ACADEMY,MARICOPA,87,0.862
HOHOKAM ELEMENTARY SCHOOL,MARICOPA,70,0.914
HOLBROOK JUNIOR HIGH SCHOOL,NAVAJO,76,0.763
HOLDEMAN ELEMENTARY SCHOOL,MARICOPA,69,0.87
HOLIDAY PARK ELEMENTARY SCHOOL,MARICOPA,72,0.972
HOLLADAY INTERMEDIATE MAGNET SCHOOL,PIMA,22,0.909
HOLLINGER ELEMENTARY SCHOOL,PIMA,31,0.871
HOLMES ELEMENTARY SCHOOL,MARICOPA,70,0.986
HOMER DAVIS ELEMENTARY SCHOOL,PIMA,57,0.965
HOPI ELEMENTARY SCHOOL,MARICOPA,112,0.955
HORIZON HONORS ELEMENTARY SCHOOL,MARICOPA,99,0.848
HORSESHOE TRAILS ELEMENTARY SCHOOL,MARICOPA,49,0.735
HOWELL PETER ELEMENTARY SCHOOL,PIMA,28,0.857
HUACHUCA CITY ELEMENTARY SCHOOL,COCHISE,32,0.875
HUACHUCA MOUNTAIN ELEMENTARY SCHOOL,COCHISE,51,0.961
HUALAPAI ELEMENTARY SCHOOL,MOHAVE,152,0.783
HUMBOLDT ELEMENTARY SCHOOL,YAVAPAI,38,0.895
IGNACIO CONCHOS ELEMENTARY SCHOOL,MARICOPA,42,1.0
IMAGINE CHARTER SCHOOL AT BELL CANYON,MARICOPA,29,0.793
IMAGINE ELEMENTARY AT AVONDALE,MARICOPA,58,0.931
IMAGINE ELEMENTARY AT COOLIDGE,PINAL,124,0.831
IMAGINE ELEMENTARY AT CORTEZ PARK,MARICOPA,74,0.946
IMAGINE ELEMENTARY AT DESERT WEST,MARICOPA,147,0.776
IMAGINE ELEMENTARY SCHOOL AT ROSEFIELD,MARICOPA,78,0.846
IMAGINE SCHOOLS AT BUCKEYE,MARICOPA,74,0.851
IMMACULATE CONCEPTION CATHOLIC SCHOOL,YAVAPAI,20,0.75
IMMACULATE CONCEPTION ELEMENTARY SCHOOL,YUMA,30,0.967
INCA ELEMENTARY SCHOOL,MARICOPA,84,0.857
INDIAN BEND ELEMENTARY SCHOOL,MARICOPA,47,0.851
INDIAN OASIS PRIMARY SCHOOL - W MAIN ST,PIMA,65,1.0
INDIAN WELLS ELEMENTARY,NAVAJO,43,0.977
INNOVATION ACADEMY K-5 STEM SCHOOL,PIMA,66,0.97
INSPIRATION MOUNTAIN SCHOOL,MARICOPA,67,0.791
INTERNATIONAL SCHOOL OF ARIZONA,MARICOPA,32,1.0
INTERNATIONAL SCHOOL OF TUCSON,PIMA,31,0.935
IRA A FULTON ELEMENTARY,MARICOPA,70,0.929
IRA A MURPHY SCHOOL,MARICOPA,42,0.929
IRENE ERICKSON ELEMENTARY SCHOOL,PIMA,50,1.0
IRENE LOPEZ SCHOOL,MARICOPA,45,0.911
IRONWOOD ELEMENTARY SCHOOL - PHOENIX,MARICOPA,54,0.926
IRONWOOD ELEMENTARY SCHOOL - TUCSON,PIMA,52,0.846
IRONWOOD SCHOOL,PINAL,62,0.887
IRVING ELEMENTARY SCHOOL,MARICOPA,71,0.93
ISHIKAWA ELEMENTARY SCHOOL,MARICOPA,83,0.952
ISLANDS ELEMENTARY SCHOOL,MARICOPA,69,0.928
J B SUTTON ELEMENTARY SCHOOL,MARICOPA,81,0.975
J ROBERT HENDRICKS ELEMENTARY SCHOOL,PIMA,51,0.902
JACK BARNES ELEMENTARY SCHOOL,MARICOPA,70,0.9
JACK DALEY PRIMARY SCHOOL,GRAHAM,124,0.839
JACK HARMON ELEMENTARY,PINAL,54,0.926
JACK L KUBAN ELEMENTARY SCHOOL,MARICOPA,47,0.915
JAMAICA ELEMENTARY SCHOOL,MOHAVE,56,0.857
JAMES B ROLLE SCHOOL,YUMA,103,0.961
JAMES KENDALL ZAHARIS ELEMENTARY,MARICOPA,98,0.878
JAMES W. RICE ELEMENTARY SCHOOL,MARICOPA,78,0.936
JANE D. HULL ELEMENTARY,MARICOPA,46,0.804
JEFFERSON ELEMENTARY SCHOOL - MESA,MARICOPA,61,0.984
JEFFERSON ELEMENTARY SCHOOL - WINSLOW,NAVAJO,124,0.984
JOE CARLSON ELEMENTARY SCHOOL,COCHISE,50,0.96
JOHN & CAROL CARLSON ELEMENTARY,MARICOPA,69,0.913
JOHN E WHITE ELEMENTARY SCHOOL,PIMA,79,0.962
JOHN E WRIGHT ELEMENTARY SCHOOL,PIMA,66,0.788
JOHN F KENNEDY ELEMENTARY SCHOOL,MARICOPA,89,0.966
JOHN F KENNEDY SCHOOL,PINAL,26,0.846
JOHN F LONG SCHOOL,MARICOPA,103,0.932
JOHN JACOBS ELEMENTARY SCHOOL,MARICOPA,64,0.906
JOHN M ANDERSEN ELEMENTARY SCHOOL,MARICOPA,55,0.964
JOHN MCCAIN III ELEMENTARY SCHOOL,MARICOPA,82,0.939
JOHN Q THOMAS ELEMENTARY SCHOOL,COCONINO,46,0.826
JOHN R DAVIS SCHOOL,MARICOPA,31,0.968
JOHNSON ELEMENTARY SCHOOL,MARICOPA,78,0.808
JOSEPH CITY ELEMENTARY SCHOOL,NAVAJO,21,0.857
JOSEPH ZITO ELEMENTARY SCHOOL,MARICOPA,61,0.984
JUSTINE SPITALNY ELEMENTARY SCHOOL,MARICOPA,64,0.984
KACHINA ELEMENTARY SCHOOL,MARICOPA,23,0.783
KATHERINE MECHAM BARNEY ELEMENTARY,MARICOPA,147,0.857
KATHRYN SUE SIMONTON ELEMENTARY,PINAL,44,0.886
KAYENTA INTERMEDIATE SCHOOL,NAVAJO,69,0.928
KELLER ELEMENTARY SCHOOL,MARICOPA,66,0.939
KENILWORTH ELEMENTARY SCHOOL,MARICOPA,47,0.936
KERR ELEMENTARY SCHOOL,MARICOPA,50,0.9
KEYSTONE MONTESSORI CHARTER SCHOOL,MARICOPA,25,0.92
KHALSA MONTESSORI SCHOOL - RIVER RD,PIMA,32,0.938
KINDERTOTS,MARICOPA,31,0.774
KINGMAN ACADEMY OF LEARNING - PRIMARY,MOHAVE,100,0.83
KINGS RIDGE PREPARATORY ACADEMY,MARICOPA,59,0.966
KINGSWOOD ELEMENTARY SCHOOL,MARICOPA,74,0.892
KINSEY INQUIRY AND DISCOVERY SCHOOL,COCONINO,45,0.889
KIVA ELEMENTARY SCHOOL,MARICOPA,87,0.943
KNOX ELEMENTARY SCHOOL,MARICOPA,68,0.941
KYRENE DE LA COLINA SCHOOL,MARICOPA,53,0.679
KYRENE DE LA ESPERANZA SCHOOL,MARICOPA,57,0.982
KYRENE DE LA ESTRELLA ELEMENTARY SCHOOL,MARICOPA,24,0.917
KYRENE DE LA MARIPOSA SCHOOL,MARICOPA,48,0.938
KYRENE DE LA MIRADA SCHOOL,MARICOPA,61,0.967
KYRENE DE LA PALOMA SCHOOL,MARICOPA,57,0.895
KYRENE DE LA SIERRA SCHOOL,MARICOPA,74,0.919
KYRENE DE LAS BRISAS SCHOOL,MARICOPA,72,0.903
KYRENE DE LAS LOMAS SCHOOL,MARICOPA,68,0.912
KYRENE DE LAS MANITAS SCHOOL,MARICOPA,39,0.949
KYRENE DE LOS CERRITOS SCHOOL,MARICOPA,42,0.833
KYRENE DE LOS LAGOS SCHOOL,MARICOPA,63,0.857
KYRENE DE LOS NINOS SCHOOL,MARICOPA,53,0.943
KYRENE DEL CIELO SCHOOL,MARICOPA,84,0.929
KYRENE DEL MILENIO,MARICOPA,57,0.719
KYRENE DEL NORTE SCHOOL,MARICOPA,95,0.905
KYRENE DEL SURENO SCHOOL,MARICOPA,44,0.955
KYRENE MONTE VISTA SCHOOL,MARICOPA,63,0.937
L THOMAS HECK MIDDLE SCHOOL,MARICOPA,24,0.792
LA PALOMA ACADEMY - CENTRAL,PIMA,80,0.925
LA PALOMA ACADEMY - LAKESIDE,PIMA,105,0.971
LA PALOMA ACADEMY - MARANA,PIMA,21,1.0
LA PALOMA ACADEMY SOUTH,PIMA,40,1.0
LA SENITA ELEMENTARY SCHOOL,MOHAVE,20,0.9
LAFE NELSON SCHOOL,GRAHAM,87,0.851
LAGUNA ELEMENTARY SCHOOL - TUCSON,PIMA,48,0.979
LAIRD ELEMENTARY SCHOOL,MARICOPA,51,0.922
LAKE PLEASANT ELEMENTARY,MARICOPA,135,0.859
LAKE VALLEY ELEMENTARY SCHOOL,YAVAPAI,39,0.744
LAKE VIEW ELEMENTARY SCHOOL,COCONINO,147,0.816
LAKEVIEW ELEMENTARY SCHOOL,MARICOPA,60,0.95
LAKIN PREP ACADEMY,MARICOPA,78,0.974
LARKSPUR ELEMENTARY SCHOOL,MARICOPA,54,0.963
LARRY C KENNEDY SCHOOL,MARICOPA,33,0.879
LAS BRISAS ACADEMY,MARICOPA,69,0.884
LAS BRISAS ELEMENTARY SCHOOL,MARICOPA,54,0.926
LAS SENDAS ELEMENTARY SCHOOL,MARICOPA,69,0.87
LAURA N. BANKS ELEMENTARY,PIMA,38,0.947
LAVEEN ELEMENTARY SCHOOL,MARICOPA,79,0.873
LEADING EDGE ACADEMY - EAST MESA CAMPUS,MARICOPA,24,0.75
LEADING EDGE ACADEMY - GILBERT ELEMENTARY CAMPUS,MARICOPA,25,0.68
LEADING EDGE ACADEMY - MARICOPA CAMPUS,PINAL,94,0.894
LEADING EDGE ACADEMY - MOUNTAIN VIEW CAMPUS,PINAL,22,0.591
LEARNING FOUNDATION AND PERFORMING ARTS STAPLEY,MARICOPA,20,0.8
LEARNING FOUNDATION AND PERFORMING ARTS WARNER,MARICOPA,35,0.771
LEGACY ONLINE ACADEMY,MARICOPA,35,0.657
LEGACY TRADITIONAL CHARTER SCHOOL - GILBERT,MARICOPA,90,0.867
LEGACY TRADITIONAL CHARTER SCHOOL - LAVEEN VILLAGE,MARICOPA,106,0.849
LEGACY TRADITIONAL SCHOOL - AVONDALE,MARICOPA,144,0.938
LEGACY TRADITIONAL SCHOOL - CASA GRANDE,PINAL,173,0.931
LEGACY TRADITIONAL SCHOOL - CHANDLER,MARICOPA,124,0.815
LEGACY TRADITIONAL SCHOOL - DEER VALLEY,MARICOPA,93,0.871
LEGACY TRADITIONAL SCHOOL - EAST TUCSON,PIMA,81,0.852
LEGACY TRADITIONAL SCHOOL - GLENDALE,MARICOPA,132,0.864
LEGACY TRADITIONAL SCHOOL - MARICOPA,PINAL,173,0.879
LEGACY TRADITIONAL SCHOOL - MESA,MARICOPA,87,0.885
LEGACY TRADITIONAL SCHOOL - NORTH CHANDLER,MARICOPA,129,0.814
LEGACY TRADITIONAL SCHOOL - NORTHWEST TUCSON,PIMA,117,0.915
LEGACY TRADITIONAL SCHOOL - PEORIA,MARICOPA,67,0.925
LEGACY TRADITIONAL SCHOOL - PHOENIX,MARICOPA,209,0.813
LEGACY TRADITIONAL SCHOOL - SAN TAN,PINAL,144,0.931
LEGACY TRADITIONAL SCHOOL - WEST SURPRISE,MARICOPA,146,0.836
LEGACY TRADITIONAL SCHOOL SURPRISE,MARICOPA,180,0.872
LEGACY TRADITIONAL SCHOOL- EAST MESA,MARICOPA,153,0.804
LEGACY TRADITIONAL SCHOOL- GOODYEAR,MARICOPA,87,0.839
LEGACY TRADITIONAL SCHOOL-QUEEN CREEK,PINAL,99,0.889
LEGEND SPRINGS ELEMENTARY,MARICOPA,95,0.926
LEHI ELEMENTARY SCHOOL,MARICOPA,41,0.878
LEMAN ACADEMY OF EXCELLENCE - EAST CAMPUS,PIMA,135,0.867
LEMAN ACADEMY OF EXCELLENCE - EAST MESA,MARICOPA,23,0.696
LEMAN ACADEMY OF EXCELLENCE - MARANA,PIMA,128,0.945
LEMAN ACADEMY OF EXCELLENCE - ORO VALLEY,PIMA,87,0.851
LEMAN ACADEMY OF EXCELLENCE - SIERRA VISTA,COCHISE,37,0.865
LEMAN ACADEMY OF EXCELLENCE CENTRAL TUCSON,PIMA,73,0.822
LIBERTY ARTS ACADEMY,MARICOPA,20,0.55
LIBERTY ELEMENTARY SCHOOL - TUCSON,PIMA,67,0.985
LIBERTY ELEMENTARY SCHOOL-85254,MARICOPA,62,0.887
LIBERTY ELEMENTARY SCHOOL-85326,MARICOPA,31,0.806
LIBERTY TRADITIONAL CHARTER SCHOOL - SADDLEBACK,COCHISE,22,0.955
LIBERTY TRADITIONAL SCHOOL PRESCOTT VALLEY,YAVAPAI,70,0.843
LINCOLN ELEMENTARY SCHOOL,SANTA CRUZ,73,1.0
LINCOLN ELEMENTARY SCHOOL,YAVAPAI,55,0.764
LINCOLN ELEMENTARY SCHOOL,MARICOPA,66,0.939
LINDBERGH ELEMENTARY SCHOOL,MARICOPA,38,0.974
LINDEN ELEMENTARY SCHOOL,NAVAJO,30,0.667
LINEWEAVER ELEMENTARY SCHOOL,PIMA,72,0.847
LITCHFIELD ELEMENTARY SCHOOL,MARICOPA,96,0.854
LITTLETON ELEMENTARY SCHOOL,MARICOPA,74,0.919
LOMA LINDA ELEMENTARY SCHOOL,MARICOPA,39,0.897
LONE MOUNTAIN ELEMENTARY SCHOOL,MARICOPA,42,0.786
LONGFELLOW ELEMENTARY SCHOOL,MARICOPA,55,0.964
LONGVIEW ELEMENTARY SCHOOL,MARICOPA,72,0.819
LOOKOUT MOUNTAIN SCHOOL,MARICOPA,145,0.945
LORETTO CATHOLIC SCHOOL,COCHISE,22,0.955
LOS AMIGOS ELEMENTARY SCHOOL,PIMA,90,1.0
LOS NINOS ELEMENTARY SCHOOL,PIMA,68,1.0
LOURDES CATHOLIC ELEMENTARY SCHOOL,SANTA CRUZ,27,0.963
LOWELL ELEMENTARY SCHOOL,MARICOPA,55,0.964
LOWELL SCHOOL,MARICOPA,28,0.75
LUKE ELEMENTARY SCHOOL,MARICOPA,76,0.908
LULU WALKER SCHOOL,PIMA,57,0.947
LYNN URQUIDES ELEMENTARY SCHOOL,PIMA,57,1.0
MABEL PADGETT ELEMENTARY SCHOOL,MARICOPA,102,0.902
MACARTHUR ELEMENTARY SCHOOL,MARICOPA,62,0.855
MADISON CAMELVIEW ELEMENTARY,MARICOPA,91,0.835
MADISON ELEMENTARY SCHOOL,MARICOPA,42,0.929
MADISON HEIGHTS ELEMENTARY SCHOOL,MARICOPA,99,0.929
MADISON RICHARD SIMIS SCHOOL,MARICOPA,182,0.94
MADISON ROSE LANE SCHOOL,MARICOPA,121,0.851
MADISON TRADITIONAL ACADEMY,MARICOPA,68,0.985
MADRID NEIGHBORHOOD SCHOOL,MARICOPA,54,0.981
MAGMA RANCH K-8 SCHOOL,PINAL,54,0.852
MAGNET TRADITIONAL SCHOOL,MARICOPA,23,1.0
MAIE BARTLETT HEARD SCHOOL,MARICOPA,36,0.944
MALDONADO AMELIA ELEMENTARY SCHOOL,PIMA,39,0.974
MAMMOTH SAN MANUEL PK-12 ELEMENTARY(K-5),PINAL,33,1.0
MANUEL DEMIGUEL ELEMENTARY SCHOOL,COCONINO,76,0.947
MANUEL PENA JR. ELEMENTARY SCHOOL,MARICOPA,109,0.917
MANY FARMS PUBLIC SCHOOL - 86503,APACHE,28,1.0
MANZANITA ELEMENTARY SCHOOL - KINGMAN,MOHAVE,137,0.752
MANZANITA ELEMENTARY SCHOOL - PHOENIX,MARICOPA,64,0.969
MANZANITA SCHOOL,PIMA,83,0.964
MANZO ELEMENTARY SCHOOL,PIMA,38,0.974
MARICOPA ELEMENTARY SCHOOL,PINAL,139,0.921
MARILYN THIELE WILSON SCHOOL - MESA,MARICOPA,61,0.934
MARION DONALDSON ELEMENTARY SCHOOL,PIMA,33,1.0
MARIONNEAUX ELEMENTARY SCHOOL,MARICOPA,71,0.915
MARJORIE W ESTES ELEMENTARY SCHOOL,PIMA,74,0.973
MARLEY PARK ELEMENTARY,MARICOPA,93,0.849
MARSHALL ELEMENTARY SCHOOL,PIMA,41,0.951
MARSHALL HUMPHREY II ELEMENTARY SCHOOL,MARICOPA,48,0.917
MARSHALL RANCH ELEMENTARY SCHOOL,MARICOPA,67,0.925
MARTIN LUTHER KING JR ELEMENTARY SCHOOL,MARICOPA,59,0.932
MARY A OTONDO ELEMENTARY SCHOOL,YUMA,138,0.899
MARY BELLE MCCORKLE,PIMA,89,0.921
MARY C O'BRIEN ELEMENTARY SCHOOL,PINAL,20,0.95
MARY L WELTY ELEMENTARY SCHOOL,SANTA CRUZ,59,0.983
MARY MCLEOD BETHUNE SCHOOL,MARICOPA,30,0.8
MARYLAND ELEMENTARY SCHOOL,MARICOPA,86,0.907
MARYVALE PREPARATORY ACADEMY,MARICOPA,101,0.911
MASADA CHARTER SCHOOL,MOHAVE,50,0.4
MATH AND SCIENCE SUCCESS ACADEMY,PIMA,53,1.0
MAURICE C CASH SCHOOL,MARICOPA,66,0.985
MAXINE O BUSH ELEMENTARY SCHOOL,MARICOPA,36,1.0
MAYER ELEMENTARY SCHOOL,YAVAPAI,49,0.735
MCCARTNEY RANCH ELEMENTARY SCHOOL,PINAL,109,0.945
MCDOWELL MOUNTAIN ELEMENTARY SCHOOL,MARICOPA,53,0.774
MENDOZA ELEMENTARY SCHOOL,MARICOPA,47,0.851
MERCURY MINE ELEMENTARY SCHOOL,MARICOPA,62,0.887
MERIDIAN ELEMENTARY,MARICOPA,120,0.842
MESA ARTS ACADEMY,MARICOPA,23,0.913
MESA VERDE ELEMENTARY SCHOOL,PIMA,45,0.911
MESQUITE ELEMENTARY - YUMA,YUMA,62,0.968
MESQUITE ELEMENTARY SCHOOL - CASA GRANDE,PINAL,63,0.889
MESQUITE ELEMENTARY SCHOOL - GILBERT,MARICOPA,64,0.812
MESQUITE ELEMENTARY SCHOOL - TUCSON,PIMA,104,0.885
METCALF ELEMENTARY SCHOOL,GREENLEE,118,0.805
MEXICAYOTL CHARTER SCHOOL,SANTA CRUZ,22,1.0
MEYER MONTESSORI,MARICOPA,29,0.793
MICHAEL ANDERSON SCHOOL,MARICOPA,76,0.724
MICHAEL T. HUGHES ELEMENTARY SCHOOL,MARICOPA,61,0.885
MILES-EXPLORATORY LEARNING CENTER,PIMA,27,0.963
MILESTONES CHARTER SCHOOL,MARICOPA,37,0.811
MILLER ELEMENTARY SCHOOL,PIMA,61,0.967
MINGUS SPRINGS CHARTER SCHOOL,YAVAPAI,20,0.6
MIRAGE ELEMENTARY SCHOOL,MARICOPA,43,0.907
MISSION MANOR ELEMENTARY SCHOOL,PIMA,54,1.0
MISSION MONTESSORI ACADEMY,MARICOPA,26,0.308
MISSION VIEW ELEMENTARY SCHOOL,PIMA,22,1.0
MITCHELL ELEMENTARY SCHOOL,MARICOPA,64,0.969
MOHAVE ACCELERATED ELEMENTARY SCHOOL,MOHAVE,66,0.939
MONTE VISTA ELEMENTARY SCHOOL,MARICOPA,65,0.938
MONTECITO COMMUNITY SCHOOL,MARICOPA,30,0.767
MONTESSORI DAY PUBLIC SCHOOLS - MOUNTAINSIDE,MARICOPA,20,0.85
MONTESSORI EDUCATION CENTRE CHARTER SCHOOL-85203,MARICOPA,38,0.658
MONTESSORI EDUCATION CENTRE CHARTER SCHOOL-85204,MARICOPA,36,0.75
MONTESSORI SCHOOL OF FLAGSTAFF - SUNNYSIDE,COCONINO,22,0.864
MONTESSORI SCHOOLHOUSE-85705,PIMA,20,0.85
MOON MOUNTAIN SCHOOL,MARICOPA,58,0.914
MORGAN MAXWELL SCHOOL,PIMA,25,0.96
MOUNT TIPTON SCHOOL,MOHAVE,23,0.783
MOUNTAIN CHRISTIAN SCHOOL,NAVAJO,26,0.269
MOUNTAIN SCHOOL,COCONINO,33,0.939
MOUNTAIN SHADOWS ELEMENTARY SCHOOL,MARICOPA,49,0.918
MOUNTAIN VIEW ELEMENTARY - RIO RICO,SANTA CRUZ,66,0.97
MOUNTAIN VIEW ELEMENTARY SCHOOL - PHOENIX,MARICOPA,80,0.962
MOUNTAIN VIEW ELEMENTARY SCHOOL - PRESCOTT VALLEY,YAVAPAI,52,0.827
MOUNTAIN VIEW PREPARATORY,YAVAPAI,44,0.841
MOUNTAIN VIEW SCHOOL,MARICOPA,92,0.848
MOUNTAIN VISTA SCHOOL,PINAL,42,0.952
MOYA ELEMENTARY,MARICOPA,55,0.873
MYERS-GANOUNG ELEMENTARY SCHOOL,PIMA,43,0.977
NACO ELEMENTARY SCHOOL,COCHISE,25,0.84
NADABURG ELEMENTARY SCHOOL,MARICOPA,60,0.933
NAUTILUS ELEMENTARY SCHOOL,MOHAVE,40,0.8
NAVAJO ELEMENTARY SCHOOL,MARICOPA,67,0.821
NAVARRETE ELEMENTARY,MARICOPA,38,0.921
NAYLOR MIDDLE SCHOOL,PIMA,45,0.867
NEELY TRADITIONAL ACADEMY,MARICOPA,131,0.924
NEVITT ELEMENTARY SCHOOL,MARICOPA,113,0.956
NEW VISTAS ACADEMY,MARICOPA,53,0.981
NEW WORLD EDUCATIONAL CENTER,MARICOPA,23,0.957
NOAH WEBSTER BASIC SCHOOL - PIMA,MARICOPA,30,0.8
NOAH WEBSTER SCHOOLS - MESA,MARICOPA,83,0.843
NORTERRA CANYON K-8,MARICOPA,43,0.86
NORTH RANCH ELEMENTARY SCHOOL,MARICOPA,66,0.955
NORTH VALLEY CHRISTIAN ACADEMY,MARICOPA,47,0.617
NORTHWEST CHRISTIAN SCHOOL - MAIN CAMPUS,MARICOPA,88,0.58
NOSOTROS ACADEMY,PIMA,24,0.583
O C JOHNSON SCHOOL,YUMA,56,1.0
OAK CREEK SCHOOL,YAVAPAI,27,0.556
OAK TREE ELEMENTARY,MARICOPA,44,0.886
OAKWOOD ELEMENTARY SCHOOL,MARICOPA,105,0.895
OASIS ELEMENTARY SCHOOL,MARICOPA,50,0.74
OCHOA ELEMENTARY SCHOOL,PIMA,27,1.0
OCOTILLO RIDGE ELEMENTARY,PIMA,118,0.932
OCOTILLO SCHOOL,MARICOPA,84,0.964
ODYSSEY PREPARATORY ACADEMY - SIENNA HILLS,MARICOPA,66,0.833
ODYSSEY PREPERATORY ACADEMY - BUCKEYE APACHE,MARICOPA,90,0.878
ODYSSEY PREPERATORY ACADEMY - GOODYEAR,MARICOPA,81,0.827
ORANGE GROVE ELEMENTARY SCHOOL,YUMA,49,0.98
ORANGEWOOD ELEMENTARY SCHOOL,MARICOPA,86,0.907
OUR LADY OF MOUNT CARMEL SCHOOL,MARICOPA,45,0.844
OUR LADY OF PERPETUAL HELP SCHOOL-85251,MARICOPA,21,0.762
OUR LADY OF PERPETUAL HELP SCHOOL-85301,MARICOPA,29,0.862
OUR MOTHER OF SORROWS SCHOOL,PIMA,24,0.958
P T COE ELEMENTARY SCHOOL,MARICOPA,62,0.919
PAINTED SKY ELEMENTARY SCHOOL,PIMA,50,0.92
PALM CHRISTIAN SCHOOL,MARICOPA,20,0.6
PALM LANE ELEMENTARY SCHOOL,MARICOPA,65,0.985
PALM VALLEY ELEMENTARY,MARICOPA,66,0.879
PALMCROFT ELEMENTARY SCHOOL,YUMA,49,0.857
PALO VERDE ELEMENTARY SCHOOL,MARICOPA,39,0.923
PALO VERDE SCHOOL,PINAL,66,0.939
PALOMINO PRIMARY SCHOOL,MARICOPA,110,0.964
PAN-AMERICAN ELEMENTARY CHARTER SCHOOL,MARICOPA,87,0.943
PAPAGO SCHOOL,MARICOPA,62,0.823
PARADISE HONORS ELEMENTARY SCHOOL,MARICOPA,208,0.846
PARADISE VALLEY CHRISTIAN PREPARATORY,MARICOPA,29,0.69
PARAGON SCIENCE ACADEMY,MARICOPA,50,0.96
PARDES JEWISH DAY SCHOOL,MARICOPA,32,0.969
PARK ELEMENTARY SCHOOL,NAVAJO,76,0.763
PARK MEADOWS ELEMENTARY SCHOOL,MARICOPA,67,0.94
PARKRIDGE ELEMENTARY,MARICOPA,87,0.897
PASEO HILLS ELEMENTARY,MARICOPA,72,0.917
PASEO POINTE SCHOOL,MARICOPA,125,0.952
PASEO VERDE ELEMENTARY SCHOOL,MARICOPA,58,0.914
PATHFINDER ACADEMY - N BOULDER CANYON,MARICOPA,75,0.6
PATHFINDER ACADEMY AT EASTMARK,MARICOPA,44,0.682
PATTERSON ELEMENTARY SCHOOL,MARICOPA,58,0.862
PAYSON ELEMENTARY SCHOOL,GILA,129,0.783
PECAN GROVE ELEMENTARY SCHOOL,YUMA,37,0.973
PEDRO GUERRERO ELEMENTARY,MARICOPA,60,0.967
PENDERGAST ELEMENTARY SCHOOL,MARICOPA,62,0.887
PEORIA ELEMENTARY SCHOOL,MARICOPA,36,0.917
PEORIA TRADITIONAL SCHOOL,MARICOPA,41,0.805
PERALTA ELEMENTARY SCHOOL,MARICOPA,112,0.964
PERALTA TRAIL ELEMENTARY SCHOOL,PINAL,42,0.833
PERIDOT LUTHERAN ELEMENTARY SCHOOL,GILA,21,0.952
PHOENIX CHRISTIAN JR/SR HIGH SCHOOL,MARICOPA,27,0.778
PHOENIX COUNTRY DAY SCHOOL,MARICOPA,36,0.972
PICTURE ROCKS ELEMENTARY SCHOOL,PIMA,65,0.923
PIMA BUTTE ELEMENTARY SCHOOL,PINAL,72,0.944
PIMA ELEMENTARY SCHOOL - GRAHAM,GRAHAM,64,0.922
PIMA ELEMENTARY SCHOOL - SCOTTSDALE,MARICOPA,48,0.875
PINNACLE PEAK ELEMENTARY,MARICOPA,40,0.85
PIONEER ELEMENTARY SCHOOL-85234,MARICOPA,28,0.929
PIONEER ELEMENTARY SCHOOL-85306,MARICOPA,40,0.875
PIONEER PREPARATORY - A CHALLENGE FOUNDATION,MARICOPA,51,0.941
PLAYA DEL REY ELEMENTARY SCHOOL,MARICOPA,43,0.977
POMEROY ELEMENTARY SCHOOL,MARICOPA,48,0.812
PORTER ELEMENTARY SCHOOL,MARICOPA,68,0.897
POWER RANCH ELEMENTARY,MARICOPA,52,0.846
PRESCOTT VALLEY SCHOOL,YAVAPAI,69,0.638
PRESIDIO SCHOOL,PIMA,28,0.929
PRIMAVERA SCHOOL,YAVAPAI,30,0.567
PRINCE ELEMENTARY SCHOOL,PIMA,63,0.952
PUEBLO DEL SOL ELEMENTARY SCHOOL,COCHISE,47,0.979
PUEBLO DEL SOL MIDDLE SCHOOL,MARICOPA,47,0.936
PUEBLO ELEMENTARY SCHOOL - SCOTTSDALE,MARICOPA,75,0.853
PUEBLO ELEMENTARY SCHOOL - YUMA,YUMA,62,0.935
PUEBLO GARDENS ELEMENTARY SCHOOL,PIMA,40,0.975
PUSCH RIDGE CHRISTIAN ACADEMY SOUTH,PIMA,28,0.464
PUSCH RIDGE CHRISTIAN ACADEMY UPPER SCHOOL,PIMA,32,0.812
QUAIL RUN ELEMENTARY SCHOOL - PHOENIX,MARICOPA,66,0.939
QUAIL RUN ELEMENTARY SCHOOL - TUCSON,PIMA,77,0.974
QUARTZ HILL ELEMENTARY,MARICOPA,49,0.796
QUEEN CREEK ELEMENTARY SCHOOL,MARICOPA,65,0.877
QUEEN OF PEACE CATHOLIC SCHOOL,MARICOPA,28,0.964
RAINBOW VALLEY ELEMENTARY SCHOOL,MARICOPA,58,0.914
RALPH WALDO EMERSON ELEMENTARY SCHOOL,MARICOPA,30,0.8
RANCH ELEMENTARY SCHOOL,PINAL,62,0.919
RANCHO GABRIELA ELEMENTARY,MARICOPA,96,0.948
RANCHO SANTA FE ELEMENTARY SCHOOL,MARICOPA,54,0.889
RATTLESNAKE RIDGE ELEMENTARY,PIMA,68,0.897
RAUL GRIJALVA ELEMENTARY SCHOOL,PIMA,72,0.986
RED MOUNTAIN RANCH ELEMENTARY,MARICOPA,58,0.931
RED ROCK ELEMENTARY SCHOOL,PINAL,41,0.878
REDBIRD ELEMENTARY SCHOOL,MARICOPA,66,0.97
REDFIELD ELEMENTARY SCHOOL,MARICOPA,56,0.875
REID TRADITIONAL SCHOOL PAINTED ROCK ACADEMY,MARICOPA,53,0.925
REID TRADITIONAL SCHOOLS - VALLEY ACADEMY,MARICOPA,98,0.908
REYES MARIA RUIZ LEADERSHIP ACADEMY,MARICOPA,52,0.885
RICE SCHOOL,GILA,78,0.987
RICHARD B WILSON JR SCHOOL - TUCSON,PIMA,50,0.98
RICHARD E MILLER SCHOOL,MARICOPA,82,0.927
RIDGELINE ACADEMY,MARICOPA,52,0.788
RIGGS ELEMENTARY,MARICOPA,90,0.844
RIO COLORADO ELEMENTARY SCHOOL,YUMA,51,1.0
RIO VISTA ELEMENTARY,MARICOPA,62,0.855
RIO VISTA ELEMENTARY SCHOOL,PIMA,61,0.967
RIVERA ELEMENTARY,PIMA,66,0.909
RIVERSIDE TRADITIONAL SCHOOL,MARICOPA,59,0.966
RIVERVIEW SCHOOL,MARICOPA,75,0.987
ROADRUNNER ELEMENTARY SCHOOL-85051,MARICOPA,75,0.933
ROADRUNNER ELEMENTARY SCHOOL-85653,PIMA,45,0.956
ROBERT AND DANELL TARWATER ELEMENTARY,MARICOPA,79,0.886
ROBERT BRACKER ELEMENTARY,SANTA CRUZ,39,0.974
ROBERT RICE ELEMENTARY,MARICOPA,98,0.918
ROBERT RICHARDSON ELEMENTARY SCHOOL,PIMA,45,0.956
ROBINS ELEMENTARY SCHOOL,PIMA,31,0.935
ROBISON ELEMENTARY SCHOOL,PIMA,35,1.0
ROBLES ELEMENTARY SCHOOL,PIMA,46,0.935
ROBSON ELEMENTARY SCHOOL,MARICOPA,40,1.0
ROGERS RANCH SCHOOL,MARICOPA,89,0.91
RONALD REAGAN FUNDAMENTAL SCHOOL,YUMA,53,1.0
ROOSEVELT ELEMENTARY SCHOOL,MARICOPA,79,0.987
ROOSEVELT SCHOOL,YUMA,35,0.971
ROSKRUGE BILINGUAL K-8 SCHOOL,PIMA,41,1.0
ROUND VALLEY MIDDLE SCHOOL,APACHE,85,0.729
ROVER ELEMENTARY SCHOOL,MARICOPA,72,0.917
RUDY G BOLOGNA ELEMENTARY,MARICOPA,54,0.963
RUTH POWELL ELEMENTARY SCHOOL,GRAHAM,71,0.986
SACATON ELEMENTARY,PINAL,34,1.0
SACRED HEART CATHOLIC SCHOOL,SANTA CRUZ,25,1.0
SADDLEBACK ELEMENTARY SCHOOL,PINAL,113,0.929
SAFFORD ELEMENTARY SCHOOL,PIMA,33,0.758
SAGUARO ELEMENTARY SCHOOL,PINAL,73,0.877
SAHUARITA PRIMARY SCHOOL,PIMA,89,0.944
SAHUARO RANCH ELEMENTARY SCHOOL,MARICOPA,55,0.873
SAHUARO SCHOOL,MARICOPA,61,0.984
SAINT AMBROSE SCHOOL,PIMA,20,0.85
SAINT ANTHONY OF PADUA ELMENTARY SCHOOL,PINAL,20,1.0
SAINT CYRIL OF ALEXANDRIA SCHOOL,PIMA,36,1.0
SAINT FRANCIS OF ASSISI SCHOOL,YUMA,25,0.96
SAINT FRANCIS XAVIER SCHOOL,MARICOPA,59,0.983
SAINT GREGORY SCHOOL,MARICOPA,35,1.0
SAINT JEROME CATHOLIC SCHOOL,MARICOPA,22,0.955
SAINT JOHN THE EVANGELIST SCHOOL,PIMA,25,1.0
SAINT JOHN VIANNEY CATHOLIC SCHOOL,MARICOPA,50,1.0
SAINT JOHN XXIII CATHOLIC SCHOOL,MARICOPA,56,0.911
SAINT JOSEPH CATHOLIC SCHOOL,PIMA,24,1.0
SAINT MARY-BASHA CATHOLIC SCHOOL,MARICOPA,39,0.949
SAINT THERESA CATHOLIC SCHOOL,MARICOPA,39,0.974
SAINT THOMAS AQUINAS GRADE SCHOOL,MARICOPA,46,0.935
SAINT THOMAS THE APOSTLE CATHOLIC SCHOOL,MARICOPA,53,0.925
SAINT TIMOTHY CATHOLIC SCHOOL,MARICOPA,24,0.792
SAINTS PETER & PAUL CATHOLIC SCHOOL,PIMA,29,0.931
SAINTS SIMON AND JUDE SCHOOL,MARICOPA,49,0.959
SALK ELEMENTARY SCHOOL,MARICOPA,58,0.948
SALT RIVER ELEMENTARY SCHOOL,MARICOPA,39,0.795
SAM HUGHES ELEMENTARY SCHOOL,PIMA,59,1.0
SAN CAYETANO ELEMENTARY SCHOOL,SANTA CRUZ,62,0.968
SAN MARCOS ELEMENTARY SCHOOL,MARICOPA,43,0.884
SAN TAN CHARTER SCHOOL,MARICOPA,77,0.662
SAN TAN ELEMENTARY,MARICOPA,110,0.882
SAN TAN HEIGHTS ELEMENTARY,PINAL,48,0.896
SANBORN ELEMENTARY SCHOOL,MARICOPA,62,0.968
SANDPIPER ELEMENTARY SCHOOL,MARICOPA,61,0.852
SANDRA DAY O'CONNOR ELEMENTARY SCHOOL,MARICOPA,34,0.971
SANTA CLARA ELEMENTARY SCHOOL,PIMA,64,0.984
SANTA CRUZ ELEMENTARY,PINAL,137,0.898
SANTA FE ELEMENTARY SCHOOL,MARICOPA,67,0.94
SANTA ROSA ELEMENTARY SCHOOL,PINAL,80,0.938
SANTAN ELEMENTARY SCHOOL,MARICOPA,59,0.949
SARAH MARLEY SCHOOL,COCHISE,44,1.0
SCALES TECHNOLOGY ACADEMY,MARICOPA,68,0.824
SCHNEPF ELEMENTARY,MARICOPA,170,0.724
SCHOLARS ACADEMY SUNNYSLOPE,MARICOPA,38,0.658
SCOTT L LIBBY ELEMENTARY SCHOOL,MARICOPA,76,0.868
SCOTTSDALE CHRISTIAN ACADEMY,MARICOPA,86,0.57
SECOND STREET CHILDREN'S SCHOOL,PIMA,22,0.909
SELF DEVELOPMENT ACADEMY PHOENIX,MARICOPA,29,0.897
SELF DEVELOPMENT CHARTER SCHOOL-85202,MARICOPA,35,0.971
SENITA VALLEY ELEMENTARY SCHOOL,PIMA,94,0.979
SEQUOIA CHARTER ELEMENTARY SCHOOL,MARICOPA,30,0.867
SEQUOIA CHOICE SCHOOL ARIZONA DISTANCE LEARNING SCHOOL,MARICOPA,70,0.5
SEQUOIA PATHFINDER AT VERRADO WAY,MARICOPA,45,0.778
SEQUOIA PATHWAY ACADEMY,PINAL,40,0.775
SEQUOYA ELEMENTARY SCHOOL,MARICOPA,88,0.92
SETTLERS POINT ELEMENTARY,MARICOPA,63,0.889
SEVEN MILE SCHOOL,NAVAJO,68,0.882
SEVILLA PRIMARY SCHOOL,MARICOPA,131,0.985
SHAW BUTTE SCHOOL,MARICOPA,99,0.97
SHEELY FARMS ELEMENTARY SCHOOL,MARICOPA,71,0.972
SHUMWAY ELEMENTARY SCHOOL,MARICOPA,56,0.946
SIERRA MIDDLE SCHOOL,PIMA,42,0.952
SIERRA VERDE ELEMENTARY,MARICOPA,82,0.89
SILVER VALLEY ELEMENTARY,MARICOPA,161,0.826
SIRRINE ELEMENTARY SCHOOL,MARICOPA,50,0.74
SKY CROSSING ELEMENTARY SCHOOL,MARICOPA,102,0.892
SKY VIEW ELEMENTARY SCHOOL,MARICOPA,47,0.809
SKYLINE RANCH ELEMENTARY,PINAL,51,0.863
SKYVIEW SCHOOL,YAVAPAI,24,0.625
SMOKETREE ELEMENTARY SCHOOL,MOHAVE,50,0.84
SOLANO SCHOOL,MARICOPA,79,0.785
SOLENG TOM ELEMENTARY SCHOOL,PIMA,34,0.941
SOLOMON ELEMENTARY SCHOOL,GRAHAM,21,1.0
SONOMA RANCH ELEMENTARY SCHOOL,MARICOPA,41,0.976
SONORAN FOOTHILLS SCHOOL,MARICOPA,95,0.863
SONORAN SCIENCE ACADEMY - PHOENIX,MARICOPA,25,0.76
SONORAN SCIENCE ACADEMY - TUCSON,PIMA,36,1.0
SONORAN SCIENCE ACADEMY EAST,PIMA,39,0.974
SONORAN SKY ELEMENTARY SCHOOL-85260,MARICOPA,69,0.899
SONORAN SKY ELEMENTARY SCHOOL-85307,MARICOPA,61,0.934
SOUSA ELEMENTARY SCHOOL,MARICOPA,43,0.884
SOUTH PHOENIX PREP AND ARTS ACADEMY,MARICOPA,64,0.844
SOUTHWEST ELEMENTARY SCHOOL,MARICOPA,52,0.962
SOUTHWESTERN CHRISTIAN SCHOOL,YUMA,20,0.75
SPECTRUM ELEMENTARY,MARICOPA,79,0.861
SPRACALE ELEMENTARY SCHOOL,MARICOPA,56,0.946
ST ELIZABETH ANN SETON SCHOOL,PIMA,31,0.968
ST. JOHN BOSCO CATHOLIC SCHOOL PROGRAM,MARICOPA,49,0.857
STANFIELD ELEMENTARY SCHOOL,PINAL,28,1.0
STARLIGHT PARK SCHOOL,MARICOPA,103,0.913
STARLINE ELEMENTARY SCHOOL,MOHAVE,74,0.649
STEPPING STONES ACADEMY,MARICOPA,21,0.619
STETSON HILLS ELEMENTARY,MARICOPA,65,0.923
STEVEN R JASINSKI ELEMENTARY SCHOOL,MARICOPA,85,0.906
STEVENSON ELEMENTARY SCHOOL - DOUGLAS,COCHISE,61,1.0
STEVENSON ELEMENTARY SCHOOL - MESA,MARICOPA,96,0.958
STURGEON CROMER ELEMENTARY SCHOOL,COCONINO,38,1.0
SUMMIT ACADEMY,MARICOPA,90,0.911
SUMMIT VIEW ELEMENTARY,PIMA,58,1.0
SUN CANYON ELEMENTARY SCHOOL,MARICOPA,83,0.988
SUN VALLEY ACADEMY - AVONDALE,MARICOPA,90,0.933
SUN VALLEY ACADEMY - GLENDALE,MARICOPA,52,0.827
SUN VALLEY ACADEMY - PHOENIX,MARICOPA,84,0.881
SUN VALLEY ELEMENTARY,YUMA,49,1.0
SUN VALLEY ELEMENTARY SCHOOL,MARICOPA,66,0.758
SUNBURST ELEMENTARY SCHOOL,MARICOPA,55,0.927
SUNDANCE ELEMENTARY SCHOOL-85326,MARICOPA,71,0.944
SUNDANCE ELEMENTARY SCHOOL-85345,MARICOPA,51,0.961
SUNLAND ELEMENTARY SCHOOL,MARICOPA,58,0.966
SUNNYSLOPE ELEMENTARY SCHOOL,MARICOPA,52,0.904
SUNRIDGE ELEMENTARY SCHOOL,MARICOPA,84,0.952
SUNRISE DRIVE ELEMENTARY SCHOOL,PIMA,64,1.0
SUNRISE ELEMENTARY - BULLHEAD CITY,MOHAVE,83,0.892
SUNRISE ELEMENTARY SCHOOL,YUMA,122,0.918
SUNRISE ELEMENTARY SCHOOL - PHOENIX,MARICOPA,51,0.882
SUNSET ELEMENTARY SCHOOL-85033,MARICOPA,93,0.989
SUNSET HEIGHTS ELEMENTARY SCHOOL-85382,MARICOPA,69,0.855
SUNSET HILLS ELEMENTARY-85379,MARICOPA,70,0.943
SUNSET RIDGE ELEMENTARY-85086,MARICOPA,37,0.838
SUNSET RIDGE ELEMENTARY-85305,MARICOPA,59,0.898
SUNSET SCHOOL-85302,MARICOPA,68,0.941
SUPERSTITION SPRINGS ELEMENTARY,MARICOPA,81,0.926
SURPRISE ELEMENTARY SCHOOL,MARICOPA,67,0.97
SWEETWATER SCHOOL-85304,MARICOPA,43,0.953
SYCAMORE ELEMENTARY SCHOOL - CORONA DE TUCSON,PIMA,86,0.942
SYNERGY PUBLIC SCHOOL,MARICOPA,71,0.592
T DALE HANCOCK ELEMENTARY,MARICOPA,79,0.747
T G BARR SCHOOL,MARICOPA,55,0.982
TAFT ELEMENTARY SCHOOL,MARICOPA,58,0.948
TANQUE VERDE ELEMENTARY SCHOOL,PIMA,64,0.969
TARTESSO ELEMENTARY SCHOOL,MARICOPA,51,0.902
TAVAN ELEMENTARY SCHOOL,MARICOPA,88,0.932
TAYLOR ELEMENTARY SCHOOL,NAVAJO,63,0.571
TAYLOR HICKS SCHOOL,YAVAPAI,71,0.761
TERRAMAR ELEMENTARY,MARICOPA,62,0.887
TERRITORIAL EARLY CHILDHOOD CENTER,YAVAPAI,147,0.81
THE CREIGHTON ACADEMY,MARICOPA,56,0.929
THE GRANDE INNOVATION ACADEMY,PINAL,90,0.844
THE PAIDEIA ACADEMY OF SOUTH PHOENIX,MARICOPA,72,0.847
THOMAS A EDISON SCHOOL,MARICOPA,55,1.0
THOMAS M KNOLES ELEMENTARY SCHOOL,COCONINO,40,0.95
THOMPSON RANCH ELEMENTARY,MARICOPA,66,0.97
TIERRA DEL SOL ELEMENTARY SCHOOL,YUMA,49,0.98
TOLSON ELEMENTARY SCHOOL,PIMA,33,0.879
TOLTEC ELEMENTARY SCHOOL,PINAL,49,0.918
TOMAHAWK ELEMENTARY SCHOOL,MARICOPA,92,0.902
TOWN & COUNTRY ELEMENTARY SCHOOL,COCHISE,26,0.962
TOWNE MEADOWS ELEMENTARY SCHOOL,MARICOPA,67,0.881
TRAILSIDE POINT ELEMENTARY,MARICOPA,80,0.875
TRI-CITY CHRISTIAN ACADEMY,MARICOPA,24,0.583
TRINITY CHRISTIAN SCHOOL - PRESCOTT,YAVAPAI,33,0.697
TRINITY LUTHERAN ELEMENTARY SCHOOL - LITCHFIELD PARK,MARICOPA,45,0.933
TSAILE ELEMENTARY SCHOOL,APACHE,34,1.0
TSE HOOTSOOI PRIMARY LEARNING CENTER,APACHE,103,1.0
TUBA CITY ELEMENTARY SCHOOL,COCONINO,61,0.951
TUCSON COUNTRY DAY SCHOOL,PIMA,51,0.902
TUCSON WALDORF SCHOOL,PIMA,44,0.727
TULLY ELEMENTARY ACCELERATED MAGNET SCHOOL,PIMA,31,1.0
TUMBLEWEED ELEMENTARY SCHOOL - 85029,MARICOPA,50,0.9
TUSCANO ELEMENTARY SCHOOL,MARICOPA,94,0.968
TWIN PEAKS ELEMENTARY SCHOOL,PIMA,73,0.904
UNION ELEMENTARY SCHOOL,MARICOPA,93,0.946
UNION PARK SCHOOL,MARICOPA,96,0.885
V H LASSEN ELEMENTARY SCHOOL,MARICOPA,26,0.885
VAIL ACADEMY & HIGH SCHOOL,PIMA,45,0.822
VAL VISTA ACADEMY - A BALL CHARTER SCHOOL,MARICOPA,30,0.9
VAL VISTA LAKES ELEMENTARY SCHOOL,MARICOPA,64,0.844
VALENCIA NEW COMER SCHOOL,MARICOPA,25,0.96
VALLE DEL ENCANTO LEARNING CENTER,YUMA,42,0.952
VALLEY CHRISTIAN SCHOOL,MARICOPA,42,0.571
VALLEY HORIZON ELEMENTARY SCHOOL,YUMA,66,0.985
VALLEY VIEW SCHOOL,MARICOPA,48,0.979
VAN BUSKIRK ELEMENTARY SCHOOL,PIMA,45,0.978
VASQUEZ DE CORONADO FRANCISCO SCHOOL,SANTA CRUZ,88,0.989
VENTANA VISTA ELEMENTARY SCHOOL,PIMA,64,0.969
VERDE CHRISTIAN ACADEMY,YAVAPAI,20,0.75
VERNON ELEMENTARY SCHOOL,APACHE,23,0.87
VERRADO ELEMENTARY SCHOOL - W SUNRISE LN,MARICOPA,118,0.915
VERRADO HERITAGE ELEMENTARY SCHOOL - W HAMILTON ST,MARICOPA,91,0.824
VESEY ELEMENTARY SCHOOL,PIMA,69,0.913
VICTORY COLLEGIATE COOPERATION,MARICOPA,27,0.37
VILLA DE PAZ ELEMENTARY SCHOOL,MARICOPA,50,0.94
VILLA MONTESSORI SCHOOL - MEADOWBROOK,MARICOPA,58,0.914
VILLAGE MEADOWS ELEMENTARY SCHOOL,MARICOPA,57,0.965
VILLAGE MEADOWS ELEMENTARY SCHOOL,COCHISE,48,0.938
VISTA COLLEGE PREP - MARYVALE,MARICOPA,63,0.968
VISTA COLLEGE PREP METRO NORTH ELEMENTARY,MARICOPA,62,0.871
VISTA COLLEGE PREPARATORY - 85003,MARICOPA,48,0.938
VISTA DEL SUR TRADITIONAL SCHOOL,MARICOPA,106,0.962
VISTANCIA ELEMENTARY SCHOOL,MARICOPA,95,0.758
W ARTHUR SEWEL ELEMENTARY SCHOOL,PIMA,25,0.84
W F KILLIP ELEMENTARY SCHOOL,COCONINO,61,0.82
W V WHITMORE ELEMENTARY SCHOOL,PIMA,66,0.939
WALKER BUTTE K-8,PINAL,61,0.885
WALTER DOUGLAS ELEMENTARY SCHOOL,PIMA,72,0.986
WARD TRADITIONAL ACADEMY,MARICOPA,46,0.935
WASHINGTON ELEMENTARY SCHOOL-85051,MARICOPA,95,0.958
WASHINGTON ELEMENTARY SCHOOL-85202,MARICOPA,49,0.816
WEBSTER ELEMENTARY SCHOOL,MARICOPA,79,0.975
WEINBERG ELEMENTARY SCHOOL,MARICOPA,69,0.942
WEITZEL'S PUENTE DE HOZHO BILINQUAL SCHOOL,COCONINO,68,0.912
WELLTON ELEMENTARY SCHOOL,YUMA,29,0.759
WEST ELEMENTARY SCHOOL,PINAL,85,0.918
WEST POINT ELEMENTARY,MARICOPA,76,0.908
WEST VALLEY CHRISTIAN SCHOOL,MARICOPA,50,0.68
WEST WING SCHOOL,MARICOPA,73,0.808
WESTAR ELEMENTARY SCHOOL,MARICOPA,67,0.91
WESTERN PEAKS ELEMENTARY,MARICOPA,102,0.892
WESTERN VALLEY ELEMENTARY SCHOOL,MARICOPA,67,0.94
WESTPARK ELEMENTARY SCHOOL,MARICOPA,55,0.873
WESTWIND PRIMARY-85037,MARICOPA,78,0.974
WESTWOOD PRIMARY SCHOOL-85015,MARICOPA,125,1.0
WHEELER ELEMENTARY SCHOOL,PIMA,51,0.961
WHIPPLE RANCH ELEMENTARY SCHOOL,NAVAJO,126,0.762
WHISPERING WIND ACADEMY,MARICOPA,49,0.857
WHITERIVER ELEMENTARY,NAVAJO,50,0.92
WHITMAN ELEMENTARY SCHOOL,MARICOPA,60,0.8
WHITTIER ELEMENTARY SCHOOL-85006,MARICOPA,32,1.0
WHITTIER ELEMENTARY SCHOOL-85201,MARICOPA,52,0.923
WILDFIRE ELEMENTARY,MARICOPA,38,0.842
WILDFLOWER ACCELERATED ACADEMY,MARICOPA,78,0.859
WILLCOX ELEMENTARY SCHOOL,COCHISE,62,0.952
WILLIAM C JACK SCHOOL,MARICOPA,84,0.929
WILLIAM R SULLIVAN ELEMENTARY SCHOOL,MARICOPA,57,0.965
WILLIAM T MACHAN ELEMENTARY SCHOOL,MARICOPA,61,0.836
WILLIAMS ELEMENTARY/MIDDLE SCHOOL,COCONINO,43,0.651
WINIFRED HARELSON ELEMENTARY SCHOOL,PIMA,62,0.968
WINTERS WELL ELEMENTARY SCHOOL,MARICOPA,116,0.922
WOOD ELEMENTARY SCHOOL,MARICOPA,85,0.871
WRIGHTSON RIDGE SCHOOL,PIMA,72,0.972
YAVAPAI ELEMENTARY SCHOOL,MARICOPA,59,0.949
YOUNG SCHOLARS ACADEMY,MOHAVE,47,0.915
YUMA LUTHERAN SCHOOL,YUMA,48,0.812
ZUNI HILLS ELEMENTARY SCHOOL,MARICOPA,71,0.901
